{
  "experiment_1": {
    "description": "H1-Basic vs Fixed-Time on low-variance",
    "statistics": {
      "t_statistic": -20.892298007997475,
      "p_value": 6.176310870193248e-09,
      "cohens_d": -6.606724726027075,
      "effect_size": "large",
      "significant": true,
      "winner": "Fixed-Time",
      "group1_mean": -7032.941428571465,
      "group2_mean": -4.674285714285714,
      "group1_std": 1009.2140855209119,
      "group2_std": 8.881784197001252e-16
    },
    "h1_basic_means": [
      -7626.553571428578,
      -8438.732142857174,
      -7238.900000000032,
      -8648.757142857194,
      -5830.757142857142,
      -5868.41785714288,
      -5880.314285714286,
      -6113.867857142863,
      -7479.639285714397,
      -7203.47500000011
    ],
    "fixed_time_means": [
      -4.6742857142857135,
      -4.6742857142857135,
      -4.6742857142857135,
      -4.6742857142857135,
      -4.6742857142857135,
      -4.6742857142857135,
      -4.6742857142857135,
      -4.6742857142857135,
      -4.6742857142857135,
      -4.6742857142857135
    ],
    "enhanced_metrics": {
      "h1_basic_throughput": [
        0,
        0,
        0,
        0,
        0,
        0,
        0,
        0,
        0,
        0
      ],
      "fixed_time_throughput": [
        0,
        0,
        0,
        0,
        0,
        0,
        0,
        0,
        0,
        0
      ],
      "h1_basic_queue_variance": [
        66086.845159,
        56496.029591000006,
        42272.883975,
        59804.91987099999,
        22543.187975,
        26797.556944,
        23511.564950999997,
        27155.376774999997,
        35707.77358400001,
        38551.867991
      ],
      "fixed_time_queue_variance": [
        11655.938400000001,
        11655.938400000001,
        11655.938400000001,
        11655.938400000001,
        11655.938400000001,
        11655.938400000001,
        11655.938400000001,
        11655.938400000001,
        11655.938400000001,
        11655.938400000001
      ]
    }
  },
  "experiment_2a": {
    "description": "H1-Enhanced vs H1-Basic on high-variance",
    "statistics": {
      "t_statistic": -0.8635879017556162,
      "p_value": 0.4102379407837481,
      "cohens_d": -0.27309047293134703,
      "effect_size": "small",
      "significant": false,
      "winner": "No significant difference",
      "group1_mean": -7794.472142857153,
      "group2_mean": -7315.589999999999,
      "group1_std": 1322.4444728320323,
      "group2_std": 619.5720869483326
    },
    "h1_enhanced_means": [
      -7091.635714285706,
      -5630.717857142856,
      -7388.35714285714,
      -7388.35714285714,
      -10135.060714285728,
      -10135.060714285728,
      -7388.35714285714,
      -7947.517857142886,
      -6892.028571428598,
      -7947.6285714286005
    ],
    "h1_basic_means": [
      -8554.146428571428,
      -6858.824999999994,
      -7322.071428571426,
      -7359.125,
      -6709.775,
      -6343.532142857145,
      -7065.582142857139,
      -8010.078571428576,
      -7156.6249999999945,
      -7776.139285714297
    ],
    "enhanced_metrics": {
      "h1_enhanced_recovery_rate": null,
      "h1_basic_recovery_rate": null,
      "h1_enhanced_peak_queue": null,
      "h1_basic_peak_queue": null
    }
  },
  "experiment_2b": {
    "description": "H1-Enhanced vs H1-Basic on extreme surge",
    "statistics": {
      "t_statistic": -2.611572435914072,
      "p_value": 0.02819794926241548,
      "cohens_d": -0.8258517172002589,
      "effect_size": "large",
      "significant": true,
      "winner": "H1-Basic",
      "group1_mean": -8454.25785714289,
      "group2_mean": -7453.816785714298,
      "group1_std": 1241.6383160803157,
      "group2_std": 578.0650592887956
    },
    "h1_enhanced_means": [
      -7304.939285714281,
      -8749.107142857141,
      -10721.053571428662,
      -8581.303571428689,
      -7649.328571428572,
      -7786.103571428606,
      -10825.9000000001,
      -7919.0785714285685,
      -7641.8214285714275,
      -7363.942857142855
    ],
    "h1_basic_means": [
      -7014.260714285729,
      -8513.089285714403,
      -7508.878571428568,
      -7798.907142857126,
      -6906.678571428571,
      -8231.164285714283,
      -7699.517857142877,
      -6916.278571428573,
      -7284.653571428571,
      -6664.739285714284
    ],
    "enhanced_metrics": {
      "h1_enhanced_recovery_rate": [
        999.0,
        999.0,
        999.0,
        999.0,
        999.0,
        999.0,
        999.0,
        999.0,
        999.0,
        999.0
      ],
      "h1_basic_recovery_rate": [
        521.0,
        999.0,
        999.0,
        999.0,
        519.0,
        999.0,
        999.0,
        999.0,
        500.0,
        999.0
      ],
      "h1_enhanced_peak_queue": [
        498.5,
        590.0,
        699.5,
        565.5,
        500.0,
        497.5,
        709.5,
        525.0,
        498.5,
        490.5
      ],
      "h1_basic_peak_queue": [
        494.0,
        553.0,
        489.5,
        533.0,
        469.5,
        631.0,
        495.0,
        472.0,
        504.5,
        453.5
      ],
      "h1_enhanced_queue_variance": [
        18765.742119000002,
        27417.306016,
        38018.031239,
        20431.959311000002,
        15594.157478999998,
        15847.735799,
        32314.195774999997,
        16632.118759,
        14247.886839,
        13206.3959
      ],
      "h1_basic_queue_variance": [
        12580.340624,
        23102.851431,
        17097.802316,
        19049.172879,
        10956.644924000002,
        30381.676911,
        16906.0115,
        14694.903600000001,
        13607.259190999997,
        11591.407030999999
      ]
    }
  }
}