{
  "experiment_1": {
    "description": "H2-MaxPressure vs H1-Basic on low-variance",
    "statistics": {
      "t_statistic": 1.8760832589333165,
      "p_value": 0.09338813963612104,
      "cohens_d": 0.8406801996554205,
      "effect_size": "large",
      "significant": false,
      "winner": "No significant difference",
      "group1_mean": -4.89595,
      "group2_mean": -6.5558875,
      "group1_std": 1.8617209118507663,
      "group2_std": 2.0812091345661683
    },
    "h2_maxpressure_means": [
      -3.4772857142857148,
      -8.595785714285716,
      -5.66705357142857,
      -3.64,
      -4.970089285714287,
      -7.469714285714284,
      -2.057875,
      -5.076892857142858,
      -3.5162857142857136,
      -4.488517857142857
    ],
    "h1_basic_means": [
      -5.868517857142858,
      -8.428964285714287,
      -7.404875,
      -4.9705892857142855,
      -8.608267857142858,
      -6.875857142857143,
      -9.575125,
      -4.594464285714286,
      -6.9926964285714295,
      -2.2395178571428573
    ]
  },
  "experiment_2": {
    "description": "H2-MaxPressure vs MaxPressure-Baseline on low-variance",
    "statistics": {
      "t_statistic": -1.6549919732975624,
      "p_value": 0.13231115876439448,
      "cohens_d": -0.780170698085341,
      "effect_size": "medium",
      "significant": false,
      "winner": "No significant difference",
      "group1_mean": -6.666916071428571,
      "group2_mean": -5.7204107142857135,
      "group1_std": 1.7157280018529963,
      "group2_std": 0.0
    },
    "h2_maxpressure_means": [
      -9.560303571428573,
      -5.889071428571429,
      -4.373017857142857,
      -5.427053571428572,
      -4.487875,
      -6.847732142857142,
      -9.575125,
      -7.225357142857143,
      -6.407767857142857,
      -6.875857142857143
    ],
    "maxpressure_baseline_means": [
      -5.7204107142857135,
      -5.7204107142857135,
      -5.7204107142857135,
      -5.7204107142857135,
      -5.7204107142857135,
      -5.7204107142857135,
      -5.7204107142857135,
      -5.7204107142857135,
      -5.7204107142857135,
      -5.7204107142857135
    ]
  },
  "experiment_3": {
    "description": "H2-MaxPressure vs H1-Basic on high-variance",
    "statistics": {
      "t_statistic": -0.957662069416839,
      "p_value": 0.36324999473556563,
      "cohens_d": -0.3374005569474324,
      "effect_size": "small",
      "significant": false,
      "winner": "No significant difference",
      "group1_mean": -7.377726785714286,
      "group2_mean": -7.084358928571429,
      "group1_std": 0.8491711187424179,
      "group2_std": 0.8893531615433019
    },
    "h2_maxpressure_means": [
      -7.113785714285714,
      -6.915785714285715,
      -6.86225,
      -7.5947321428571435,
      -7.934375,
      -7.876499999999999,
      -7.301660714285714,
      -6.286428571428572,
      -6.494303571428571,
      -9.397446428571428
    ],
    "h1_basic_means": [
      -8.688642857142856,
      -6.783035714285715,
      -6.2050535714285715,
      -6.6187321428571435,
      -8.354767857142859,
      -6.840071428571428,
      -6.035553571428572,
      -6.221107142857142,
      -7.157375,
      -7.93925
    ]
  }
}