{
  "experiment_1": {
    "description": "H3-MultiAgent vs H1-Basic on low-variance",
    "statistics": {
      "t_statistic": -2.0499519368868873,
      "p_value": 0.07061924506634241,
      "cohens_d": -0.8126803476915024,
      "effect_size": "large",
      "significant": false,
      "winner": "No significant difference",
      "group1_mean": -6.6747089285714285,
      "group2_mean": -5.670353571428571,
      "group1_std": 0.9888856334526791,
      "group2_std": 1.441104474346722,
      "group1_training_time": 31.34314239025116,
      "group2_training_time": 36.3375721693039,
      "group1_param_count": 5992,
      "group2_param_count": 16072
    },
    "h3_multiagent_means": [
      -5.554875,
      -5.683732142857143,
      -8.14892857142857,
      -5.8847321428571435,
      -6.156607142857143,
      -7.521374999999999,
      -7.889160714285714,
      -5.4684285714285705,
      -7.563392857142857,
      -6.875857142857143
    ],
    "h1_basic_means": [
      -7.53867857142857,
      -2.7735535714285717,
      -6.652910714285714,
      -4.621482142857143,
      -7.0304464285714285,
      -6.091517857142857,
      -5.333,
      -4.025053571428572,
      -5.566089285714286,
      -7.070803571428572
    ]
  },
  "experiment_2": {
    "description": "H3-MultiAgent vs H1-Basic on high-variance",
    "statistics": {
      "t_statistic": -0.4054873761725261,
      "p_value": 0.6945893542825261,
      "cohens_d": -0.13254956405675938,
      "effect_size": "small",
      "significant": false,
      "winner": "No significant difference",
      "group1_mean": -7.251875,
      "group2_mean": -7.097357142857144,
      "group1_std": 0.6005606618899497,
      "group2_std": 1.5353207463161815,
      "group1_training_time": 32.25080616474152,
      "group2_training_time": 36.24275743961334,
      "group1_param_count": 5992,
      "group2_param_count": 16072
    },
    "h3_multiagent_means": [
      -6.354571428571428,
      -7.662910714285716,
      -6.8732678571428565,
      -7.046642857142857,
      -7.273357142857143,
      -7.541107142857142,
      -6.917107142857142,
      -7.331892857142857,
      -6.828803571428571,
      -8.689089285714287
    ],
    "h1_basic_means": [
      -3.970357142857143,
      -7.65994642857143,
      -5.5902142857142865,
      -8.068482142857142,
      -8.394,
      -7.668517857142857,
      -5.781285714285715,
      -6.5064464285714285,
      -7.877982142857143,
      -9.456339285714286
    ]
  }
}